arm,persona,session_id,session_num,helpfulness,conciseness,satisfaction_score,correction_rate,frustration_rate,task_completed,response_accepted,format_match,turns_per_session,personalization_hit
adaptive,sofia,agent:main:exp-sofia-adap-s01_video_script-5af13122,s01,2.5416666666666665,2.7083333333333335,0.5208333333333334,0.20833333333333334,0.0,0.0,0.125,0.041666666666666664,24,0.3333333333333333
adaptive,sofia,agent:main:exp-sofia-adap-s02_content_calendar-44b0c4a2,s02,3.6666666666666665,3.466666666666667,0.7333333333333333,0.0,0.0,0.0,0.8666666666666667,0.5333333333333333,15,0.7333333333333333
adaptive,sofia,agent:main:exp-sofia-adap-s03_thumbnail_concepts-1503b042,s03,2.1666666666666665,2.611111111111111,0.5,0.2222222222222222,0.0,0.0,0.0,0.0,18,0.5
adaptive,sofia,agent:main:exp-sofia-adap-s04_seo_descriptions-3cd9df9c,s04,3.789473684210526,3.9473684210526314,0.5789473684210527,0.0,0.0,0.05263157894736842,1.0,0.9473684210526315,19,0.7894736842105263
adaptive,sofia,agent:main:exp-sofia-adap-s05_instagram_carousel-96099017,s05,3.3333333333333335,3.2666666666666666,0.6666666666666666,0.0,0.0,0.0,0.5333333333333333,0.3333333333333333,15,0.8
adaptive,sofia,agent:main:exp-sofia-adap-s06_series_brainstorm-f8d8a580,s06,2.1666666666666665,2.111111111111111,0.5,0.0,0.0,0.0,0.16666666666666666,0.16666666666666666,18,0.3888888888888889
